{"sites": {"mojim.com": 1742441557.0290015, "gegeci.com": 1742441705.4327738, "echinesesong.com": 1742441711.447854}, "parent_domains": {}}