{"sites": {"badsite.com": 1744249568.283152, "example.com": 1744249568.182948, "163.com": 1744444385.5403879}, "parent_domains": {}}