{"sites": {"badsite.com": 1744249568.283152, "example.com": 1744249568.182948, "163.com": 1744277206.1623926}, "parent_domains": {}}